{
  "version": "1.0",
  "defaultProvider": "cdnjs",
  "libraries": [

    {
      "library": "twitter-bootstrap@4.5.0",
      "destination": "wwwroot/lib/bootstrap"

    },

    {
      "library": "font-awesome@5.14.0",
      "destination": "wwwroot/lib/fontawesome"

    },
    {
      "library": "jquery@3.5.1",
      "destination": "wwwroot/lib/jquery"

    },
    {
      "library": "jquery-validate@1.19.2",
      "destination": "wwwroot/lib/jquery-validate"

    },
    {
      "library": "jquery-validation-unobtrusive@3.2.11",
      "destination": "wwwroot/lib/jquery-unobtrusive"

    },

    {
      "library": "popper.js@2.4.4",
      "destination": "wwwroot/lib/popper"

    }
  ]
}

 